id,titulo,slug,url,descripcion,keyword_principal,cluster,pagina_pilar,status,fecha_publicacion,fecha_actualizacion,ruta_archivo
1,Licencia de obra menor en Madrid: requisitos y trámite,licencia-obra-menor-madrid,/blog/licencia-obra-menor-madrid,"¿Necesitas licencia de obra menor en Madrid? Revisa cuándo corresponde una declaración responsable, qué documentación preparar y dónde tramitarla.",licencia obra menor Madrid,6-permisos-licencias,/servicios/reformas-integrales,publicado,2026-07-10,2026-07-10,content/blog/licencia-obra-menor-madrid.md
2,Cocina abierta o cerrada: qué conviene más en tu reforma en Madrid,cocina-abierta-vs-cerrada,/blog/cocina-abierta-vs-cerrada,"Comparamos cocina abierta y cerrada para tu reforma en Madrid: ventajas, inconvenientes, tabla comparativa y claves para decidir según tu vivienda.",cocina abierta vs cerrada,12-comparativas-dudas,/servicios/reformas-banos-cocinas,publicado,2026-07-13,2026-07-13,content/blog/cocina-abierta-vs-cerrada.md
2,Cómo contratar una empresa de reformas en Madrid sin arriesgarte,contratar-empresa-reformas-madrid,/blog/contratar-empresa-reformas-madrid,"Aprende a contratar una empresa de reformas en Madrid con garantías: qué comprobar antes, señales de alarma y qué debe incluir un presupuesto serio.",contratar empresa reformas Madrid,7-consejos-antes-reformar,/servicios/reformas-integrales,publicado,2026-07-13,2026-07-13,content/blog/contratar-empresa-reformas-madrid.md
2,Qué incluye una reforma de baño completa en Madrid: fases y partidas,que-incluye-reforma-bano-completa-madrid,/blog/que-incluye-reforma-bano-completa-madrid,"Descubre qué incluye una reforma de baño completa en Madrid: fases de la obra en orden, partidas habituales, qué suele quedar fuera y cómo planificarla.",qué incluye una reforma de baño completa,2-reformas-banos,/servicios/reformas-banos-cocinas,publicado,2026-07-13,2026-07-13,content/blog/que-incluye-reforma-bano-completa-madrid.md
6,¿Cuánto cuesta reformar un baño en Madrid en 2026?,cuanto-cuesta-reformar-bano-madrid,/blog/cuanto-cuesta-reformar-bano-madrid,"Precios orientativos para reformar un baño en Madrid: rangos por tipo de obra, partidas que encarecen el presupuesto y cómo comparar propuestas.",cuánto cuesta reformar baño Madrid,2-reformas-banos,/servicios/reformas-banos-cocinas,publicado,2026-07-10,2026-07-10,content/blog/cuanto-cuesta-reformar-bano-madrid.md
8,Qué incluye una reforma de cocina en Madrid: partidas y fases del proyecto,que-incluye-reforma-cocina-madrid,/blog/que-incluye-reforma-cocina-madrid,"Descubre qué incluye una reforma de cocina en Madrid: partidas principales, fases de la obra, qué suele quedar fuera y cómo planificar los costes.",qué incluye una reforma de cocina en Madrid,3-reformas-cocinas,/servicios/reformas-banos-cocinas,publicado,2026-07-20,2026-07-20,content/blog/que-incluye-reforma-cocina-madrid.md
9,Cédula de habitabilidad y reformas en Madrid: qué debes saber,cedula-habitabilidad-reforma-madrid,/blog/cedula-habitabilidad-reforma-madrid,"Descubre qué es la cédula de habitabilidad en Madrid, si es obligatoria en reformas, qué requisitos técnicos se exigen y cómo tramitarla.",cédula habitabilidad reforma Madrid,6-permisos-licencias,/servicios/reformas-integrales,publicado,2026-07-22,2026-07-22,content/blog/cedula-habitabilidad-reforma-madrid.md
9,¿Cuánto cuesta una reforma integral en Madrid en 2026?,cuanto-cuesta-reforma-integral-madrid,/blog/cuanto-cuesta-reforma-integral-madrid,"Precios orientativos de una reforma integral en Madrid: rangos por m², partidas que más influyen y claves para comparar presupuestos en 2026.",cuánto cuesta reforma integral Madrid,5-precios-presupuestos,/servicios/reformas-integrales,publicado,2026-07-10,2026-07-10,content/blog/cuanto-cuesta-reforma-integral-madrid.md
10,Suelo laminado o parquet: qué elegir en una reforma en Madrid,suelo-laminado-parquet-madrid,/blog/suelo-laminado-parquet-madrid,"Comparamos suelo laminado y parquet para tu reforma en Madrid: durabilidad, resistencia a humedad, mantenimiento, precios y qué opción conviene a tu hogar.",suelo laminado vs parquet Madrid,10-materiales-acabados,/servicios/pintura-pladur-albanileria,publicado,2026-07-24,2026-07-24,content/blog/suelo-laminado-parquet-madrid.md
11,"Qué incluye una reforma de local comercial en Madrid: fases, licencias y plazos",que-incluye-reforma-local-comercial-madrid,/blog/que-incluye-reforma-local-comercial-madrid,"Descubre qué incluye una reforma de local comercial en Madrid: partidas de obra, fases en orden, licencias de actividad y plazos orientativos del proyecto.",qué incluye una reforma de local comercial,4-locales-comerciales,/servicios/reformas-locales-comerciales,publicado,2026-08-03,2026-08-03,content/blog/que-incluye-reforma-local-comercial-madrid.md
12,Plazos de una reforma de vivienda en Madrid: fases y tiempos reales,plazos-reforma-vivienda-madrid,/blog/plazos-reforma-vivienda-madrid,"Consulta los plazos reales de una reforma de vivienda en Madrid: duración por fases, tiempos según el tipo de obra y qué factores retrasan el calendario.",plazos reforma vivienda Madrid,6-permisos-licencias,/servicios/reformas-integrales,publicado,2026-08-05,2026-08-05,content/blog/plazos-reforma-vivienda-madrid.md
13,Reformas en Chamberí (Madrid): particularidades y servicios,reformas-chamberi-madrid,/blog/reformas-chamberi-madrid,"Guía de reformas en Chamberí: cómo son sus edificios, qué particularidades técnicas tiene reformar en el distrito y qué trámites y logística prever.",reformas Chamberí Madrid,9-zonas-madrid,/servicios/reformas-integrales,publicado,2026-08-07,2026-08-07,content/blog/reformas-chamberi-madrid.md
14,Cambiar la instalación eléctrica de un piso antiguo en Madrid,cambiar-instalacion-electrica-piso-antiguo-madrid,/blog/cambiar-instalacion-electrica-piso-antiguo-madrid,"Cuándo revisar o cambiar la instalación eléctrica de un piso antiguo en Madrid, qué incluye la obra, qué es el boletín y cómo solicitar un presupuesto.",cambiar instalación eléctrica piso antiguo Madrid,13-instalaciones-fontaneria,/servicios/instalaciones-electricas-fontaneria,publicado,2026-08-17,2026-08-17,content/blog/cambiar-instalacion-electrica-piso-antiguo-madrid.md
15,Reformar antes de vender o alquilar en Madrid: ¿merece la pena?,reformar-antes-vender-alquilar-madrid,/blog/reformar-antes-vender-alquilar-madrid,"Cómo decidir si conviene reformar antes de vender o alquilar una vivienda en Madrid según su estado, público objetivo, presupuesto y plazo disponible.",reformar antes de vender Madrid,7-consejos-antes-reformar,/servicios/reformas-integrales,publicado,2026-08-19,2026-08-19,content/blog/reformar-antes-vender-alquilar-madrid.md
16,Plato de ducha o bañera: qué elegir en tu reforma de baño en Madrid,plato-ducha-vs-banera,/blog/plato-ducha-vs-banera,"Plato de ducha o bañera: compara acceso, espacio, uso diario y alcance de obra para elegir bien en tu reforma de baño en Madrid con criterios prácticos.",plato de ducha vs bañera,2-reformas-banos,/servicios/reformas-banos-cocinas,publicado,2026-08-21,2026-08-21,content/blog/plato-ducha-vs-banera.md
17,Errores frecuentes en la reforma de un baño en Madrid,errores-reforma-bano-madrid,/blog/errores-reforma-bano-madrid,"Evita los errores más frecuentes al reformar un baño en Madrid: distribución, instalaciones, impermeabilización, materiales y presupuesto antes de empezar.",errores reforma baño Madrid,11-errores-frecuentes,/servicios/reformas-banos-cocinas,publicado,2026-08-24,2026-08-24,content/blog/errores-reforma-bano-madrid.md
18,Reforma de restaurante en Madrid: licencias y ejecución,reforma-restaurante-madrid,/blog/reforma-restaurante-madrid,"Planifica la reforma de un restaurante en Madrid: viabilidad del local, licencias, cocina, ventilación, accesibilidad, obra y apertura sin improvisaciones.",reforma restaurante Madrid,4-locales-comerciales,/servicios/reformas-locales-comerciales,publicado,2026-08-24,2026-08-24,content/blog/reforma-restaurante-madrid.md
